id,nombre_cliente,ciudad,monto_compra,fecha_compra,ticket,sexo
1, Juana,barranquilla, 4500 ,01/02/2023,PC 17599,MALE
2,Pedro,bquilla,"2.500,75",10-04-2023 08:30:00,PC 17599, Female 
3,JUAN,cartagena de indias,N/A,2023/03/05,PC 17599,female
4, Juana,Barranquilla ,"2.500,75",2023-01-01,PC 17599,MALE
5,María, BARRANQUILLA, 4500 ,10-04-2023 08:30:00,S.O.C. 14879,female
6,MARÍA , CARTAGENA,,2023/03/05,A/5 21171,female
7,JUAN, BOGOTA, 4500 ,2023/03/05,STON/O2. 3101282,MALE
8,JUAN,bogotá d.c.,"5.000,00",2023-01-01,W.E.P. 5736, Male 
9, Juana,cartagena de indias,1000,2023-01-01,STON/O2. 3101282,male
10,Carlos,bquilla, 4500 ,2023-01-01,STON/O2. 3101282,FEMALE
11,María,barranquilla,1000,01/02/2023,A/5 21171,female
12, Juana,Cartagena ,N/A,2023-01-01,A/5 21171,FEMALE
13,María,medellín antioquia,"2.500,75",2023/03/05,A/5 21171, Female 
14,María,Medellín ,"5.000,00",2023-01-01,PC 17599,MALE
15,MARÍA ,Barranquilla ,"2.500,75",2023/03/05,S.O.C. 14879,FEMALE
16,JUAN, CARTAGENA,1000,10-04-2023 08:30:00,PC 17599,MALE
17,Pedro,cartagena,"5.000,00",01/02/2023,S.O.C. 14879,FEMALE
18,MARÍA ,bogotá d.c.,,10-04-2023 08:30:00,S.O.C. 14879,male
19,MARÍA , BARRANQUILLA, 4500 ,10-04-2023 08:30:00,STON/O2. 3101282,male
20,María, CARTAGENA,3000.50,2023/03/05,STON/O2. 3101282,male
21,juan ,,1000,10-04-2023 08:30:00,S.O.C. 14879,male
22,JUAN,Medellín ,"2.500,75",2023/03/05,S.O.C. 14879,male
23,Carlos, BOGOTA,1000,2023-01-01,PC 17599,male
24,MARÍA ,Medellín ,1000,2023-01-01,PC 17599,MALE
25,Pedro,bogota,"5.000,00",2023/03/05,STON/O2. 3101282,female
26,juan ,Medellín ,"5.000,00",2023-01-01,A/5 21171,FEMALE
27,juan ,bogota,3000.50,01/02/2023,S.O.C. 14879,male
28,Carlos,Barranquilla , 4500 ,10-04-2023 08:30:00,PC 17599,MALE
29,MARÍA , BOGOTA,,01/02/2023,STON/O2. 3101282,MALE
30,Pedro, BARRANQUILLA,"2.500,75",10-04-2023 08:30:00,PC 17599,MALE
31,JUAN,medellin,N/A,2023-01-01,S.O.C. 14879,female
32,Ana,medellín antioquia,1000,01/02/2023,S.O.C. 14879,FEMALE
33,Pedro,bogota,,2023-01-01,W.E.P. 5736,female
34,Carlos,cartagena,3000.50,10-04-2023 08:30:00,A/5 21171, Male 
35,juan ,Medellín , 4500 ,2023/03/05,W.E.P. 5736,MALE
36,JUAN,Medellín ,N/A,2023/03/05,STON/O2. 3101282, Male 
37,Pedro,,"5.000,00",01/02/2023,PC 17599, Female 
38,Ana, BARRANQUILLA,"5.000,00",2023-01-01,STON/O2. 3101282,male
39,Ana,Cartagena ,"2.500,75",2023-01-01,S.O.C. 14879,male
40,María,bquilla,N/A,01/02/2023,W.E.P. 5736,female
41,María,Barranquilla ,"5.000,00",2023/03/05,W.E.P. 5736,FEMALE
42, Juana,Bogotá ,"2.500,75",10-04-2023 08:30:00,W.E.P. 5736, Male 
43,Carlos,bquilla, 4500 ,01/02/2023,STON/O2. 3101282,FEMALE
44,MARÍA ,medellin,"2.500,75",10-04-2023 08:30:00,S.O.C. 14879,female
45,Pedro,bogotá d.c.,"5.000,00",2023/03/05,PC 17599,male
46,Pedro,barranquilla,3000.50,2023-01-01,PC 17599,FEMALE
47,MARÍA ,bogota,3000.50,2023/03/05,STON/O2. 3101282,FEMALE
48, Juana,cartagena,3000.50,01/02/2023,W.E.P. 5736,male
49,juan ,bquilla,"5.000,00",2023-01-01,A/5 21171, Male 
50,juan ,barranquilla,,01/02/2023,STON/O2. 3101282,male
51, Juana, BOGOTA,N/A,01/02/2023,STON/O2. 3101282,FEMALE
52,juan ,bquilla, 4500 ,2023/03/05,S.O.C. 14879, Male 
53,María, BARRANQUILLA,"2.500,75",01/02/2023,PC 17599, Male 
54,Pedro,bogota,"2.500,75",2023/03/05,STON/O2. 3101282,male
55, Juana,Bogotá ,"5.000,00",2023-01-01,STON/O2. 3101282,FEMALE
56,Pedro,barranquilla,3000.50,2023/03/05,W.E.P. 5736,female
57,MARÍA , BOGOTA,3000.50,2023-01-01,W.E.P. 5736,FEMALE
58,Ana, CARTAGENA,,2023/03/05,A/5 21171,MALE
59,María,medellín antioquia, 4500 ,10-04-2023 08:30:00,S.O.C. 14879, Female 
60,JUAN,Medellín ,N/A,10-04-2023 08:30:00,A/5 21171,female
61,María,bquilla,"2.500,75",01/02/2023,W.E.P. 5736, Male 
62, Juana, CARTAGENA,1000,2023/03/05,PC 17599,female
63,JUAN,bogota,1000,2023/03/05,W.E.P. 5736, Male 
64,Ana,Bogotá ,"5.000,00",2023-01-01,S.O.C. 14879, Male 
65, Juana,medellin,"2.500,75",01/02/2023,W.E.P. 5736,female
66,Carlos,,"5.000,00",2023/03/05,S.O.C. 14879, Male 
67,Pedro,Barranquilla ,N/A,01/02/2023,S.O.C. 14879, Male 
68,Ana,medellín antioquia,1000,10-04-2023 08:30:00,S.O.C. 14879,MALE
69,Pedro,bogota,1000,2023/03/05,S.O.C. 14879,FEMALE
70,juan , BARRANQUILLA, 4500 ,2023/03/05,S.O.C. 14879,FEMALE
71,Carlos,,N/A,01/02/2023,PC 17599, Female 
72,Carlos,Barranquilla ,1000,2023/03/05,A/5 21171, Female 
73,Ana,Barranquilla ,N/A,01/02/2023,STON/O2. 3101282,MALE
74,Carlos,Barranquilla ,,2023/03/05,A/5 21171, Female 
75,JUAN,cartagena de indias,3000.50,2023-01-01,S.O.C. 14879,female
76,Carlos,bogota,1000,01/02/2023,PC 17599,male
77,Pedro,medellín antioquia, 4500 ,2023/03/05,W.E.P. 5736,male
78,Pedro,bquilla,"2.500,75",10-04-2023 08:30:00,PC 17599,male
79, Juana,Medellín ,,2023/03/05,S.O.C. 14879,MALE
80,Pedro,Medellín ,"5.000,00",10-04-2023 08:30:00,PC 17599,MALE
81, Juana,bquilla,"2.500,75",10-04-2023 08:30:00,PC 17599, Male 
82,Pedro,bogota,1000,2023-01-01,S.O.C. 14879,male
83,JUAN, BOGOTA,N/A,01/02/2023,PC 17599,female
84,MARÍA ,cartagena de indias,3000.50,2023/03/05,STON/O2. 3101282, Female 
85, Juana,cartagena,"2.500,75",2023-01-01,STON/O2. 3101282,female
86,María,Barranquilla ,1000,2023/03/05,PC 17599, Female 
87,juan ,Barranquilla , 4500 ,10-04-2023 08:30:00,W.E.P. 5736,male
88,Ana,bogota,"5.000,00",01/02/2023,S.O.C. 14879,male
89,Pedro, BOGOTA,N/A,2023/03/05,STON/O2. 3101282,male
90,Carlos,Medellín ,"2.500,75",2023/03/05,W.E.P. 5736,MALE
91,MARÍA ,Medellín ,"2.500,75",10-04-2023 08:30:00,PC 17599, Female 
92,Pedro,Bogotá ,3000.50,2023/03/05,W.E.P. 5736,MALE
93,Carlos,bogota,3000.50,2023/03/05,A/5 21171,MALE
94,juan ,cartagena de indias,,10-04-2023 08:30:00,STON/O2. 3101282,FEMALE
95,juan ,Cartagena ,"5.000,00",2023-01-01,PC 17599,female
96,juan ,cartagena de indias, 4500 ,10-04-2023 08:30:00,S.O.C. 14879,female
97,Carlos, BARRANQUILLA,1000,2023-01-01,PC 17599, Male 
98,Pedro,Medellín ,1000,01/02/2023,S.O.C. 14879,MALE
99,juan ,Medellín , 4500 ,2023-01-01,PC 17599, Female 
100,JUAN, CARTAGENA,"5.000,00",2023-01-01,W.E.P. 5736,FEMALE
101, Juana,Medellín , 4500 ,01/02/2023,W.E.P. 5736,FEMALE
102,Carlos,bquilla,"5.000,00",2023-01-01,W.E.P. 5736,female
103,Carlos,cartagena,"5.000,00",10-04-2023 08:30:00,A/5 21171,MALE
104,Pedro,bogotá d.c.,N/A,2023-01-01,S.O.C. 14879, Male 
105,Carlos,bogota,"5.000,00",01/02/2023,W.E.P. 5736,MALE
106,Carlos,barranquilla,3000.50,10-04-2023 08:30:00,A/5 21171,male
107,juan ,cartagena de indias,"5.000,00",01/02/2023,S.O.C. 14879,MALE
108,Pedro,bquilla,"5.000,00",01/02/2023,PC 17599,male
109,juan ,bogotá d.c.,"5.000,00",2023/03/05,A/5 21171,male
110, Juana,bquilla,1000,2023/03/05,STON/O2. 3101282, Male 
111,MARÍA , BOGOTA,3000.50,01/02/2023,A/5 21171, Female 
112, Juana,Cartagena ,,01/02/2023,A/5 21171,female
113,MARÍA ,cartagena, 4500 ,01/02/2023,S.O.C. 14879,MALE
114,juan ,medellín antioquia,N/A,2023/03/05,PC 17599,male
115, Juana,bquilla,"5.000,00",2023/03/05,STON/O2. 3101282,MALE
116,Pedro,bquilla,"2.500,75",2023-01-01,W.E.P. 5736, Female 
117,Ana, MEDELLIN,N/A,2023-01-01,W.E.P. 5736,female
118,juan ,cartagena de indias,N/A,01/02/2023,A/5 21171, Female 
119,MARÍA ,bogotá d.c.,3000.50,10-04-2023 08:30:00,S.O.C. 14879,female
120,JUAN,,N/A,10-04-2023 08:30:00,S.O.C. 14879,FEMALE
121,MARÍA ,Cartagena ,"5.000,00",2023/03/05,W.E.P. 5736,female
122,JUAN, CARTAGENA,"5.000,00",2023/03/05,STON/O2. 3101282, Male 
123,Carlos,medellín antioquia,1000,2023/03/05,PC 17599, Female 
124, Juana,cartagena,"5.000,00",01/02/2023,STON/O2. 3101282,male
125,JUAN,cartagena,"5.000,00",10-04-2023 08:30:00,PC 17599,FEMALE
126,MARÍA ,barranquilla,3000.50,2023-01-01,W.E.P. 5736, Male 
127,Carlos, CARTAGENA,"5.000,00",01/02/2023,PC 17599,MALE
128,Ana, MEDELLIN,1000,2023-01-01,S.O.C. 14879, Female 
129,Pedro,bogota,"2.500,75",2023-01-01,A/5 21171,male
130,Pedro,medellín antioquia,3000.50,01/02/2023,A/5 21171,female
131,Pedro, CARTAGENA,"2.500,75",2023-01-01,W.E.P. 5736,male
132,JUAN,cartagena,3000.50,10-04-2023 08:30:00,S.O.C. 14879,MALE
133,Ana,cartagena,,2023-01-01,STON/O2. 3101282,FEMALE
134,JUAN,bogotá d.c.,N/A,10-04-2023 08:30:00,S.O.C. 14879,FEMALE
135, Juana,Medellín , 4500 ,10-04-2023 08:30:00,A/5 21171, Female 
136,JUAN,,"5.000,00",10-04-2023 08:30:00,A/5 21171,FEMALE
137,Ana,medellín antioquia,"2.500,75",2023/03/05,S.O.C. 14879, Female 
138,Ana,barranquilla,"5.000,00",2023-01-01,S.O.C. 14879, Female 
139, Juana,barranquilla,N/A,01/02/2023,A/5 21171, Female 
140,Ana,,3000.50,01/02/2023,STON/O2. 3101282,female
141,MARÍA , BARRANQUILLA,N/A,2023-01-01,W.E.P. 5736, Male 
142,Ana,Barranquilla ,1000,2023/03/05,W.E.P. 5736, Female 
143,Pedro,Cartagena ,N/A,2023/03/05,S.O.C. 14879, Female 
144,MARÍA ,barranquilla,,10-04-2023 08:30:00,W.E.P. 5736, Male 
145,MARÍA ,,N/A,2023-01-01,A/5 21171,male
146, Juana,Cartagena ,1000,2023-01-01,A/5 21171, Female 
147,María, CARTAGENA,"2.500,75",01/02/2023,S.O.C. 14879,female
148,María, BOGOTA,"5.000,00",2023-01-01,S.O.C. 14879,FEMALE
149,Ana,cartagena,"5.000,00",2023/03/05,S.O.C. 14879,FEMALE
150,MARÍA ,Medellín , 4500 ,2023-01-01,STON/O2. 3101282,MALE
151,María,bogotá d.c.,"5.000,00",01/02/2023,W.E.P. 5736,MALE
152,María,barranquilla,3000.50,10-04-2023 08:30:00,S.O.C. 14879,FEMALE
153,Ana,Medellín ,N/A,01/02/2023,PC 17599,FEMALE
154,María,Medellín , 4500 ,01/02/2023,PC 17599,female
155,JUAN,Medellín ,3000.50,10-04-2023 08:30:00,A/5 21171, Male 
156,Carlos,Barranquilla ,3000.50,01/02/2023,W.E.P. 5736,MALE
157, Juana,Cartagena ,1000,01/02/2023,S.O.C. 14879, Male 
158,Carlos, CARTAGENA,"5.000,00",2023-01-01,PC 17599,female
159,Ana,medellin,,2023-01-01,W.E.P. 5736,FEMALE
160,Pedro, BOGOTA,"2.500,75",10-04-2023 08:30:00,A/5 21171, Female 
161, Juana,cartagena de indias, 4500 ,2023-01-01,STON/O2. 3101282, Male 
162,Ana,Medellín ,"2.500,75",2023-01-01,W.E.P. 5736,FEMALE
163,MARÍA ,bogota,N/A,01/02/2023,W.E.P. 5736,FEMALE
164,Pedro,Cartagena ,"2.500,75",2023/03/05,STON/O2. 3101282,male
165,Carlos,barranquilla, 4500 ,2023-01-01,W.E.P. 5736, Male 
166,Ana, MEDELLIN,"2.500,75",2023/03/05,A/5 21171, Female 
167,MARÍA ,barranquilla,N/A,2023-01-01,A/5 21171, Male 
168, Juana,bogotá d.c.,1000,2023-01-01,STON/O2. 3101282,FEMALE
169, Juana,cartagena de indias, 4500 ,10-04-2023 08:30:00,S.O.C. 14879, Female 
170,juan ,medellin,1000,10-04-2023 08:30:00,PC 17599,female
171,MARÍA ,bogota,1000,10-04-2023 08:30:00,S.O.C. 14879,male
172,JUAN,barranquilla,1000,2023/03/05,W.E.P. 5736,FEMALE
173,María,medellin,3000.50,01/02/2023,PC 17599,MALE
174,Pedro,cartagena de indias,"5.000,00",2023-01-01,STON/O2. 3101282,MALE
175,MARÍA ,Medellín ,3000.50,2023-01-01,STON/O2. 3101282,male
176,juan ,bogota,"5.000,00",2023-01-01,PC 17599,female
177,María,medellin,1000,2023/03/05,A/5 21171,FEMALE
178,María,bogotá d.c., 4500 ,10-04-2023 08:30:00,PC 17599, Male 
179,Ana,bquilla,"5.000,00",01/02/2023,W.E.P. 5736,male
180,María, CARTAGENA,N/A,2023/03/05,A/5 21171,female
181,JUAN,cartagena,N/A,10-04-2023 08:30:00,STON/O2. 3101282, Male 
182, Juana, CARTAGENA,"2.500,75",2023/03/05,PC 17599,MALE
183,juan ,bquilla,"5.000,00",01/02/2023,S.O.C. 14879,MALE
184,María,cartagena de indias, 4500 ,10-04-2023 08:30:00,S.O.C. 14879, Male 
185,Ana,Cartagena ,3000.50,2023/03/05,W.E.P. 5736,male
186,JUAN,cartagena,1000,01/02/2023,S.O.C. 14879,MALE
187,Carlos, BOGOTA,"2.500,75",2023-01-01,PC 17599,FEMALE
188, Juana,bquilla,N/A,01/02/2023,PC 17599, Female 
189, Juana,bogotá d.c.,3000.50,2023-01-01,S.O.C. 14879, Male 
190,juan , BOGOTA,3000.50,2023/03/05,PC 17599, Male 
191, Juana,Barranquilla ,1000,10-04-2023 08:30:00,W.E.P. 5736,MALE
192,María,bquilla,"5.000,00",10-04-2023 08:30:00,A/5 21171,male
193,Ana,bogota,N/A,2023/03/05,W.E.P. 5736,FEMALE
194, Juana,, 4500 ,10-04-2023 08:30:00,W.E.P. 5736,male
195, Juana,cartagena,3000.50,10-04-2023 08:30:00,PC 17599,female
196,Carlos, BOGOTA,1000,2023-01-01,A/5 21171,female
197,Carlos,barranquilla,,2023/03/05,PC 17599, Female 
198,Pedro, BOGOTA,,01/02/2023,STON/O2. 3101282,MALE
199,JUAN,medellin,N/A,2023-01-01,PC 17599,MALE
200,María, CARTAGENA,"5.000,00",2023/03/05,PC 17599,MALE
201, Juana,medellin,3000.50,2023-01-01,PC 17599, Female 
202,MARÍA ,Barranquilla , 4500 ,01/02/2023,A/5 21171,female
203, Juana,cartagena, 4500 ,01/02/2023,PC 17599,male
204,Ana,cartagena, 4500 ,2023/03/05,A/5 21171, Female 
205,Pedro,Barranquilla ,3000.50,01/02/2023,S.O.C. 14879, Female 
206,JUAN,cartagena de indias,3000.50,2023-01-01,STON/O2. 3101282,male
207,MARÍA ,bquilla,"5.000,00",01/02/2023,A/5 21171,MALE
208,Pedro,medellin,"2.500,75",2023-01-01,S.O.C. 14879,FEMALE
209,juan ,Bogotá ,"5.000,00",2023-01-01,A/5 21171,male
210,JUAN,barranquilla,N/A,01/02/2023,A/5 21171,female
211, Juana, MEDELLIN,1000,2023/03/05,STON/O2. 3101282, Male 
212, Juana, CARTAGENA, 4500 ,10-04-2023 08:30:00,W.E.P. 5736, Male 
213,JUAN,cartagena,"2.500,75",01/02/2023,W.E.P. 5736, Female 
214, Juana,cartagena de indias,1000,2023-01-01,A/5 21171, Male 
215,María,medellín antioquia,"2.500,75",2023-01-01,PC 17599,FEMALE
216,JUAN,barranquilla,"5.000,00",01/02/2023,S.O.C. 14879,MALE
217,Pedro,medellin,3000.50,2023/03/05,PC 17599,female
218,JUAN, CARTAGENA, 4500 ,2023/03/05,PC 17599,FEMALE
219,MARÍA ,medellín antioquia,"5.000,00",2023-01-01,A/5 21171,female
220, Juana,medellin,1000,2023-01-01,A/5 21171,female
221,María, BOGOTA,1000,2023/03/05,A/5 21171,MALE
222,María,medellín antioquia,1000,10-04-2023 08:30:00,A/5 21171, Female 
223,juan ,Barranquilla ,1000,01/02/2023,W.E.P. 5736, Male 
224,Pedro, BARRANQUILLA,1000,2023-01-01,A/5 21171,MALE
225,Carlos,bquilla,"2.500,75",2023-01-01,W.E.P. 5736,FEMALE
226,Carlos,cartagena de indias,,2023/03/05,W.E.P. 5736, Female 
227,JUAN, CARTAGENA, 4500 ,01/02/2023,A/5 21171,FEMALE
228,juan ,Medellín ,3000.50,2023/03/05,STON/O2. 3101282, Female 
229,Ana, BARRANQUILLA,3000.50,01/02/2023,S.O.C. 14879,FEMALE
230,JUAN,bquilla,,01/02/2023,PC 17599,MALE
231,juan ,bogota,"5.000,00",01/02/2023,W.E.P. 5736, Female 
232,Pedro,bogota,3000.50,2023-01-01,S.O.C. 14879, Female 
233,Pedro, CARTAGENA,3000.50,10-04-2023 08:30:00,STON/O2. 3101282,female
234,Pedro,medellín antioquia,"2.500,75",2023/03/05,PC 17599,female
235,Pedro,medellin,N/A,10-04-2023 08:30:00,PC 17599,male
236,Pedro,cartagena de indias, 4500 ,2023/03/05,W.E.P. 5736,FEMALE
237,juan , MEDELLIN,1000,01/02/2023,A/5 21171,female
238,juan ,bogota,N/A,2023-01-01,STON/O2. 3101282,male
239,María,cartagena de indias,"5.000,00",10-04-2023 08:30:00,W.E.P. 5736,female
240,MARÍA ,bogota,3000.50,2023-01-01,STON/O2. 3101282,FEMALE
241,Carlos, BOGOTA,N/A,2023/03/05,A/5 21171, Female 
242, Juana,bquilla,,2023-01-01,A/5 21171, Male 
243,Pedro,medellin,"5.000,00",2023-01-01,W.E.P. 5736,FEMALE
244,Ana, BOGOTA,1000,10-04-2023 08:30:00,A/5 21171,MALE
245, Juana,barranquilla,1000,01/02/2023,S.O.C. 14879,female
246,juan ,bogota, 4500 ,2023-01-01,PC 17599,female
247,Ana,Medellín , 4500 ,01/02/2023,W.E.P. 5736, Female 
248,Ana,Medellín ,3000.50,2023/03/05,STON/O2. 3101282,MALE
249,Ana, BOGOTA,1000,2023-01-01,S.O.C. 14879, Female 
250,María,Barranquilla ,"5.000,00",10-04-2023 08:30:00,W.E.P. 5736,MALE
251,juan , BARRANQUILLA,N/A,2023/03/05,A/5 21171, Male 
252,Ana,Medellín ,"5.000,00",2023/03/05,A/5 21171,female
253,Pedro,bogota,"2.500,75",10-04-2023 08:30:00,A/5 21171,female
254,JUAN, CARTAGENA,"2.500,75",2023-01-01,A/5 21171, Male 
255,Ana, BOGOTA, 4500 ,2023-01-01,STON/O2. 3101282,male
256,María,barranquilla,3000.50,2023/03/05,S.O.C. 14879, Female 
257, Juana, MEDELLIN,"2.500,75",2023-01-01,PC 17599, Male 
258,juan , MEDELLIN,1000,01/02/2023,STON/O2. 3101282, Female 
259,MARÍA ,Cartagena ,"5.000,00",10-04-2023 08:30:00,STON/O2. 3101282,FEMALE
260,María, BARRANQUILLA,"5.000,00",01/02/2023,PC 17599,female
261,Ana,medellín antioquia, 4500 ,2023-01-01,PC 17599, Female 
262,juan ,medellin,N/A,2023/03/05,A/5 21171,MALE
263,JUAN,Medellín , 4500 ,10-04-2023 08:30:00,STON/O2. 3101282, Female 
264,Ana,Medellín ,N/A,2023-01-01,W.E.P. 5736,FEMALE
265,María,medellín antioquia, 4500 ,2023-01-01,PC 17599,female
266,Carlos,cartagena, 4500 ,2023/03/05,PC 17599, Male 
267,Pedro,barranquilla, 4500 ,2023/03/05,S.O.C. 14879,FEMALE
268,MARÍA ,Bogotá ,N/A,01/02/2023,W.E.P. 5736,female
269, Juana, BOGOTA,N/A,10-04-2023 08:30:00,W.E.P. 5736, Female 
270,María,Barranquilla , 4500 ,10-04-2023 08:30:00,PC 17599,male
271,juan ,,"2.500,75",2023/03/05,A/5 21171,male
272,MARÍA ,bogotá d.c.,3000.50,01/02/2023,S.O.C. 14879,MALE
273,MARÍA ,Medellín ,3000.50,10-04-2023 08:30:00,W.E.P. 5736,female
274,MARÍA ,medellin,,2023/03/05,PC 17599,male
275,Ana,Cartagena ,N/A,2023-01-01,W.E.P. 5736, Male 
276,Pedro, MEDELLIN,N/A,10-04-2023 08:30:00,S.O.C. 14879,female
277,Ana,Medellín ,"2.500,75",01/02/2023,S.O.C. 14879, Male 
278,juan ,Cartagena ,3000.50,01/02/2023,STON/O2. 3101282, Male 
279,Ana,bogota,3000.50,01/02/2023,PC 17599,male
280,Carlos,barranquilla, 4500 ,2023-01-01,S.O.C. 14879,female
281,Pedro,bogota,N/A,10-04-2023 08:30:00,STON/O2. 3101282, Female 
282,Pedro,Bogotá ,3000.50,10-04-2023 08:30:00,STON/O2. 3101282,FEMALE
283,juan ,,"5.000,00",2023-01-01,W.E.P. 5736,male
284, Juana,bogotá d.c.,"2.500,75",10-04-2023 08:30:00,W.E.P. 5736,male
285,Carlos,bquilla,"5.000,00",2023-01-01,STON/O2. 3101282, Female 
286,María,barranquilla,"5.000,00",2023-01-01,W.E.P. 5736,female
287,Ana,cartagena,,2023-01-01,S.O.C. 14879,female
288,JUAN,Bogotá ,"5.000,00",01/02/2023,A/5 21171, Male 
289,Ana,cartagena de indias,3000.50,10-04-2023 08:30:00,S.O.C. 14879, Female 
290,MARÍA ,cartagena,N/A,2023-01-01,STON/O2. 3101282, Female 
291,Ana, BARRANQUILLA,"2.500,75",10-04-2023 08:30:00,STON/O2. 3101282,female
292,María, BOGOTA, 4500 ,01/02/2023,S.O.C. 14879, Male 
293,Ana,medellin,"5.000,00",2023-01-01,W.E.P. 5736,male
294,Carlos,barranquilla,"2.500,75",2023/03/05,W.E.P. 5736,MALE
295,Carlos,cartagena de indias,1000,01/02/2023,STON/O2. 3101282,FEMALE
296,Pedro,cartagena de indias,1000,2023/03/05,PC 17599,male
297,juan ,,N/A,10-04-2023 08:30:00,W.E.P. 5736,female
298, Juana,medellín antioquia,3000.50,10-04-2023 08:30:00,S.O.C. 14879,FEMALE
299,JUAN, BARRANQUILLA,N/A,01/02/2023,W.E.P. 5736,MALE
300,MARÍA , CARTAGENA,N/A,10-04-2023 08:30:00,S.O.C. 14879,MALE
301,Ana,barranquilla,N/A,2023/03/05,STON/O2. 3101282, Male 
302,Ana,medellín antioquia,N/A,2023-01-01,W.E.P. 5736,FEMALE
303,María,Bogotá , 4500 ,2023-01-01,S.O.C. 14879, Male 
304,juan , BOGOTA, 4500 ,2023-01-01,STON/O2. 3101282,male
305,Carlos, MEDELLIN,"2.500,75",01/02/2023,PC 17599, Female 
306,JUAN,,1000,10-04-2023 08:30:00,S.O.C. 14879, Female 
307,Pedro,Medellín ,N/A,2023/03/05,PC 17599, Female 
308,Carlos, CARTAGENA,"2.500,75",10-04-2023 08:30:00,PC 17599,FEMALE
309,MARÍA , BOGOTA,1000,10-04-2023 08:30:00,A/5 21171, Female 
310,juan ,Barranquilla ,"5.000,00",10-04-2023 08:30:00,W.E.P. 5736,male
311,MARÍA , CARTAGENA,3000.50,2023-01-01,S.O.C. 14879, Male 
312, Juana,barranquilla, 4500 ,2023/03/05,PC 17599,FEMALE
313,Pedro,barranquilla,"5.000,00",2023/03/05,A/5 21171, Male 
314, Juana,Cartagena ,,10-04-2023 08:30:00,STON/O2. 3101282,FEMALE
315,María,medellín antioquia,"5.000,00",2023-01-01,S.O.C. 14879, Male 
316,MARÍA ,Barranquilla ,3000.50,2023-01-01,PC 17599,MALE
317,María,Medellín ,1000,2023/03/05,W.E.P. 5736, Male 
318,Ana,cartagena de indias,"5.000,00",2023-01-01,A/5 21171, Female 
319, Juana,medellín antioquia, 4500 ,2023-01-01,PC 17599,MALE
320,juan ,bogotá d.c., 4500 ,2023-01-01,W.E.P. 5736, Male 
321,MARÍA ,barranquilla,"2.500,75",01/02/2023,PC 17599,FEMALE
322,JUAN, BARRANQUILLA,"5.000,00",10-04-2023 08:30:00,S.O.C. 14879,FEMALE
323,Pedro,medellin,N/A,2023/03/05,S.O.C. 14879,FEMALE
324,Carlos, BOGOTA,"5.000,00",2023/03/05,S.O.C. 14879,female
325,juan ,,1000,01/02/2023,A/5 21171,male
326,juan , CARTAGENA,1000,10-04-2023 08:30:00,S.O.C. 14879,FEMALE
327,María,barranquilla,"5.000,00",2023/03/05,W.E.P. 5736,MALE
328, Juana,medellín antioquia,,2023-01-01,PC 17599,FEMALE
329,MARÍA ,Barranquilla , 4500 ,2023/03/05,STON/O2. 3101282,female
330,MARÍA ,medellin,,2023-01-01,W.E.P. 5736, Female 
331,Ana, BARRANQUILLA, 4500 ,01/02/2023,W.E.P. 5736,MALE
332,Ana,medellín antioquia,1000,2023-01-01,S.O.C. 14879,female
333,Pedro,cartagena,"2.500,75",2023/03/05,A/5 21171, Female 
334,María,medellin,N/A,2023/03/05,PC 17599,MALE
335,juan ,bogotá d.c.,1000,2023/03/05,A/5 21171, Male 
336,MARÍA ,cartagena, 4500 ,01/02/2023,PC 17599,male
337,JUAN,Bogotá ,"2.500,75",01/02/2023,PC 17599,male
338,María,bogota,1000,10-04-2023 08:30:00,A/5 21171,female
339,Pedro,Bogotá ,3000.50,2023/03/05,W.E.P. 5736, Female 
340,Pedro,Medellín ,N/A,2023-01-01,PC 17599,male
341,María,medellín antioquia,1000,01/02/2023,A/5 21171, Female 
342,Pedro,barranquilla,"2.500,75",2023/03/05,PC 17599, Female 
343,María,bquilla,3000.50,2023/03/05,STON/O2. 3101282,female
344,Carlos,barranquilla,"5.000,00",01/02/2023,W.E.P. 5736,female
345,María,barranquilla,"2.500,75",10-04-2023 08:30:00,S.O.C. 14879,female
346, Juana, BARRANQUILLA,"2.500,75",01/02/2023,PC 17599,male
347,María,bogota,3000.50,01/02/2023,STON/O2. 3101282,female
348,Pedro,bquilla,"2.500,75",2023-01-01,S.O.C. 14879,male
349,MARÍA ,Bogotá ,3000.50,2023-01-01,S.O.C. 14879,female
350, Juana,bogota,1000,10-04-2023 08:30:00,PC 17599,FEMALE
351,Pedro, MEDELLIN,,2023/03/05,A/5 21171, Female 
352,Ana,,3000.50,01/02/2023,PC 17599,female
353,Ana,bogota,N/A,10-04-2023 08:30:00,STON/O2. 3101282,MALE
354,MARÍA ,,3000.50,2023-01-01,S.O.C. 14879, Female 
355,MARÍA , CARTAGENA,3000.50,01/02/2023,PC 17599, Female 
356, Juana, CARTAGENA,"5.000,00",2023/03/05,A/5 21171,female
357,Carlos,cartagena de indias,1000,2023-01-01,PC 17599, Male 
358,MARÍA ,medellin,N/A,2023-01-01,W.E.P. 5736,female
359,Ana,Cartagena ,"5.000,00",2023-01-01,A/5 21171, Female 
360,María, BARRANQUILLA, 4500 ,10-04-2023 08:30:00,STON/O2. 3101282,MALE
361,Pedro,medellin,1000,2023/03/05,S.O.C. 14879, Female 
362,Ana,cartagena,1000,01/02/2023,PC 17599,MALE
363,Ana,Barranquilla , 4500 ,10-04-2023 08:30:00,A/5 21171,male
364,Carlos, BARRANQUILLA,3000.50,10-04-2023 08:30:00,W.E.P. 5736,FEMALE
365, Juana, BARRANQUILLA,"5.000,00",10-04-2023 08:30:00,A/5 21171, Female 
366, Juana,cartagena,"2.500,75",2023-01-01,W.E.P. 5736,female
367,juan ,bogota,N/A,2023/03/05,STON/O2. 3101282,male
368,Carlos,Bogotá ,"2.500,75",10-04-2023 08:30:00,S.O.C. 14879,FEMALE
369,María,Bogotá , 4500 ,01/02/2023,STON/O2. 3101282,female
370, Juana, CARTAGENA,1000,2023/03/05,PC 17599, Male 
371,Pedro,bquilla,1000,01/02/2023,A/5 21171,female
372,MARÍA , BOGOTA,N/A,2023/03/05,W.E.P. 5736,MALE
373,Carlos,medellin,,01/02/2023,W.E.P. 5736,MALE
374,MARÍA , MEDELLIN,1000,2023-01-01,A/5 21171, Male 
375,Ana,medellín antioquia,N/A,10-04-2023 08:30:00,A/5 21171,male
376,Pedro,Medellín ,"5.000,00",01/02/2023,PC 17599,FEMALE
377,Pedro,bquilla,"5.000,00",2023/03/05,STON/O2. 3101282,female
378,Ana,bquilla,N/A,10-04-2023 08:30:00,W.E.P. 5736,MALE
379,Carlos,bogotá d.c., 4500 ,10-04-2023 08:30:00,PC 17599,male
380,Ana,Bogotá ,1000,2023/03/05,STON/O2. 3101282, Male 
381,MARÍA ,,1000,01/02/2023,PC 17599, Female 
382,juan ,bogotá d.c., 4500 ,2023-01-01,W.E.P. 5736,MALE
383,Pedro,,,2023-01-01,A/5 21171, Male 
384,JUAN,bogota,3000.50,01/02/2023,A/5 21171,female
385,JUAN,bogotá d.c.,3000.50,10-04-2023 08:30:00,STON/O2. 3101282,FEMALE
386,MARÍA ,Medellín ,3000.50,10-04-2023 08:30:00,S.O.C. 14879,MALE
387,María,medellín antioquia,"5.000,00",10-04-2023 08:30:00,STON/O2. 3101282,MALE
388, Juana,cartagena de indias,"5.000,00",10-04-2023 08:30:00,S.O.C. 14879,female
389,Ana,Medellín , 4500 ,01/02/2023,PC 17599, Female 
390,Ana,bogotá d.c.,1000,10-04-2023 08:30:00,PC 17599,male
391,María,Medellín , 4500 ,2023/03/05,W.E.P. 5736,FEMALE
392,María,medellín antioquia, 4500 ,10-04-2023 08:30:00,S.O.C. 14879,MALE
393,MARÍA ,Cartagena ,"5.000,00",2023-01-01,W.E.P. 5736,FEMALE
394,MARÍA ,medellín antioquia,3000.50,10-04-2023 08:30:00,A/5 21171,MALE
395,María,medellín antioquia,"2.500,75",01/02/2023,S.O.C. 14879,FEMALE
396,Pedro,bogota,1000,2023-01-01,STON/O2. 3101282, Male 
397,MARÍA ,medellin,"5.000,00",01/02/2023,A/5 21171,MALE
398,juan ,cartagena de indias,3000.50,01/02/2023,A/5 21171,FEMALE
399,MARÍA ,bquilla,,2023-01-01,STON/O2. 3101282,male
400,Ana, MEDELLIN,"2.500,75",01/02/2023,A/5 21171, Male 
401,MARÍA ,Bogotá ,"5.000,00",01/02/2023,S.O.C. 14879, Male 
402,Pedro, BARRANQUILLA,,10-04-2023 08:30:00,W.E.P. 5736,male
403,María,cartagena,,2023/03/05,A/5 21171,FEMALE
404,Ana,medellin,"2.500,75",01/02/2023,S.O.C. 14879,female
405,MARÍA ,cartagena,"5.000,00",01/02/2023,PC 17599,male
406,Pedro,bogota,"5.000,00",01/02/2023,S.O.C. 14879,FEMALE
407,juan ,cartagena de indias,3000.50,10-04-2023 08:30:00,W.E.P. 5736,male
408,MARÍA ,barranquilla,N/A,2023/03/05,S.O.C. 14879,male
409,Pedro,medellín antioquia,1000,2023-01-01,STON/O2. 3101282,MALE
410,juan ,bquilla, 4500 ,10-04-2023 08:30:00,W.E.P. 5736,FEMALE
411,María,barranquilla,,10-04-2023 08:30:00,PC 17599,female
412,MARÍA ,barranquilla,"2.500,75",2023/03/05,STON/O2. 3101282,MALE
413,juan ,Barranquilla ,"2.500,75",2023/03/05,S.O.C. 14879,male
414,Ana, CARTAGENA,3000.50,10-04-2023 08:30:00,W.E.P. 5736, Female 
415,María,barranquilla,"5.000,00",2023-01-01,PC 17599,male
416,Ana,Bogotá ,"2.500,75",10-04-2023 08:30:00,STON/O2. 3101282,male
417,JUAN,Cartagena ,N/A,2023/03/05,PC 17599,FEMALE
418,Carlos, CARTAGENA,1000,2023-01-01,S.O.C. 14879,FEMALE
419,MARÍA ,bquilla,N/A,2023/03/05,PC 17599,MALE
420,juan ,bogota,"2.500,75",2023-01-01,A/5 21171,female
421,Carlos, BARRANQUILLA, 4500 ,01/02/2023,STON/O2. 3101282,MALE
422,Carlos,medellin,1000,2023/03/05,PC 17599, Male 
423,juan ,Cartagena ,1000,2023/03/05,S.O.C. 14879,male
424,María,Medellín ,3000.50,10-04-2023 08:30:00,S.O.C. 14879, Female 
425,MARÍA ,bogotá d.c.,3000.50,2023/03/05,PC 17599,male
426,JUAN,Barranquilla , 4500 ,2023/03/05,S.O.C. 14879,male
427,Ana,Cartagena ,"5.000,00",01/02/2023,W.E.P. 5736,MALE
428,Pedro, MEDELLIN,1000,2023/03/05,W.E.P. 5736, Female 
429,Ana,barranquilla, 4500 ,01/02/2023,W.E.P. 5736, Female 
430,Pedro,bogota,3000.50,01/02/2023,A/5 21171, Female 
431,Ana, BOGOTA,3000.50,01/02/2023,PC 17599,MALE
432,juan ,bogotá d.c.,1000,01/02/2023,A/5 21171,male
433,JUAN,cartagena,N/A,2023-01-01,S.O.C. 14879,MALE
434,MARÍA ,Bogotá ,,10-04-2023 08:30:00,A/5 21171,FEMALE
435,Pedro,cartagena,3000.50,2023-01-01,S.O.C. 14879,FEMALE
436,MARÍA ,Cartagena ,,2023/03/05,S.O.C. 14879,MALE
437,MARÍA ,bquilla,"5.000,00",2023-01-01,STON/O2. 3101282, Female 
438,MARÍA , BARRANQUILLA,3000.50,2023-01-01,W.E.P. 5736,male
439, Juana,cartagena,N/A,2023/03/05,S.O.C. 14879,MALE
440,María, MEDELLIN,N/A,2023/03/05,STON/O2. 3101282,MALE
441,Ana,bogota, 4500 ,2023/03/05,W.E.P. 5736,MALE
442,MARÍA ,Medellín ,"5.000,00",2023-01-01,S.O.C. 14879, Male 
443,Ana, BARRANQUILLA, 4500 ,2023-01-01,S.O.C. 14879,FEMALE
444,MARÍA ,medellin,,2023/03/05,A/5 21171, Female 
445,Pedro,Bogotá ,"2.500,75",10-04-2023 08:30:00,A/5 21171,female
446,María, MEDELLIN,,10-04-2023 08:30:00,W.E.P. 5736, Female 
447,María, MEDELLIN,1000,01/02/2023,S.O.C. 14879,female
448,juan ,cartagena, 4500 ,2023/03/05,PC 17599, Male 
449, Juana,barranquilla,3000.50,01/02/2023,A/5 21171,MALE
450,juan ,cartagena, 4500 ,10-04-2023 08:30:00,W.E.P. 5736, Male 
451,juan ,Cartagena ,3000.50,01/02/2023,S.O.C. 14879, Male 
452,juan ,medellin,N/A,2023/03/05,S.O.C. 14879,male
453,juan , CARTAGENA, 4500 ,2023/03/05,PC 17599,FEMALE
454,juan , BARRANQUILLA,N/A,2023/03/05,W.E.P. 5736,female
455,JUAN,cartagena,"2.500,75",2023-01-01,S.O.C. 14879,MALE
456,María,bogota,"2.500,75",01/02/2023,A/5 21171,female
457,juan ,bquilla,1000,10-04-2023 08:30:00,PC 17599, Female 
458,MARÍA , BOGOTA, 4500 ,10-04-2023 08:30:00,W.E.P. 5736,female
459,María,Bogotá ,N/A,10-04-2023 08:30:00,PC 17599, Female 
460,María,medellín antioquia,3000.50,2023-01-01,A/5 21171,FEMALE
461,Carlos,cartagena,"2.500,75",2023-01-01,W.E.P. 5736, Female 
462,JUAN,bogota,"2.500,75",2023/03/05,PC 17599,female
463,juan , BARRANQUILLA,3000.50,10-04-2023 08:30:00,STON/O2. 3101282,female
464,Ana,bogota,N/A,2023-01-01,A/5 21171, Female 
465,Pedro,Bogotá ,N/A,2023/03/05,A/5 21171, Male 
466, Juana, CARTAGENA, 4500 ,10-04-2023 08:30:00,A/5 21171,FEMALE
467,MARÍA ,bogota, 4500 ,01/02/2023,STON/O2. 3101282,male
468,Ana, BOGOTA,"5.000,00",2023/03/05,STON/O2. 3101282,MALE
469,JUAN,,"5.000,00",2023-01-01,S.O.C. 14879,female
470,Pedro,bogota,1000,2023-01-01,PC 17599,MALE
471,JUAN,bogota,"2.500,75",2023/03/05,S.O.C. 14879,male
472,MARÍA ,, 4500 ,2023/03/05,PC 17599,MALE
473,María,Medellín ,N/A,2023-01-01,STON/O2. 3101282,male
474,Pedro, CARTAGENA,3000.50,01/02/2023,STON/O2. 3101282, Female 
475,María,cartagena,N/A,10-04-2023 08:30:00,S.O.C. 14879, Male 
476,MARÍA ,bogota,,01/02/2023,W.E.P. 5736,female
477,Ana,Barranquilla ,"5.000,00",2023/03/05,S.O.C. 14879,male
478,MARÍA ,medellin,N/A,01/02/2023,PC 17599,MALE
479,Ana,Barranquilla ,1000,2023-01-01,S.O.C. 14879,female
480,Pedro,cartagena,"2.500,75",2023/03/05,A/5 21171, Male 
481,Pedro, CARTAGENA,"5.000,00",10-04-2023 08:30:00,PC 17599, Female 
482,juan ,barranquilla,3000.50,2023-01-01,PC 17599,female
483,JUAN,barranquilla,"5.000,00",2023-01-01,W.E.P. 5736,male
484,juan ,cartagena de indias,1000,10-04-2023 08:30:00,STON/O2. 3101282, Male 
485,JUAN,,"2.500,75",10-04-2023 08:30:00,PC 17599,MALE
486,juan ,cartagena,3000.50,01/02/2023,STON/O2. 3101282, Male 
487,María,cartagena,1000,2023/03/05,S.O.C. 14879, Male 
488,Pedro,bogotá d.c.,"5.000,00",10-04-2023 08:30:00,A/5 21171,FEMALE
489,Ana,,1000,10-04-2023 08:30:00,W.E.P. 5736, Male 
490,JUAN,Cartagena ,"2.500,75",2023/03/05,STON/O2. 3101282, Male 
491,MARÍA ,medellín antioquia, 4500 ,10-04-2023 08:30:00,PC 17599,female
492,JUAN, BARRANQUILLA,1000,10-04-2023 08:30:00,STON/O2. 3101282,MALE
493,Ana,bogotá d.c.,1000,01/02/2023,PC 17599,female
494,juan , BOGOTA,"5.000,00",2023-01-01,STON/O2. 3101282,female
495,JUAN,Medellín ,"5.000,00",2023-01-01,PC 17599,male
496, Juana,Medellín ,3000.50,2023-01-01,S.O.C. 14879,female
497,María,Cartagena ,"5.000,00",2023-01-01,PC 17599,FEMALE
498,Pedro,Bogotá ,N/A,10-04-2023 08:30:00,PC 17599,FEMALE
499,Ana,Bogotá ,"2.500,75",2023/03/05,A/5 21171,male
500,Pedro, CARTAGENA,"2.500,75",2023/03/05,PC 17599, Female 
501, Juana, MEDELLIN, 4500 ,01/02/2023,A/5 21171,MALE
502,JUAN,Cartagena , 4500 ,01/02/2023,W.E.P. 5736,MALE
503,JUAN,medellín antioquia,"2.500,75",10-04-2023 08:30:00,A/5 21171,female
504,MARÍA ,cartagena, 4500 ,2023/03/05,S.O.C. 14879,female
505, Juana,Bogotá ,3000.50,2023/03/05,A/5 21171, Female 
506,Ana,medellín antioquia,"5.000,00",2023-01-01,W.E.P. 5736,female
507,MARÍA ,bogota,"2.500,75",10-04-2023 08:30:00,S.O.C. 14879,MALE
508,María,Barranquilla , 4500 ,10-04-2023 08:30:00,STON/O2. 3101282, Male 
509,MARÍA ,Barranquilla ,"2.500,75",2023-01-01,STON/O2. 3101282,FEMALE
510,Carlos,,N/A,10-04-2023 08:30:00,A/5 21171, Male 
511,Ana,medellin,1000,10-04-2023 08:30:00,A/5 21171, Male 
512,Carlos,cartagena,"5.000,00",01/02/2023,W.E.P. 5736,MALE
513, Juana,bquilla,"2.500,75",2023/03/05,W.E.P. 5736, Male 
514,juan , BARRANQUILLA,1000,10-04-2023 08:30:00,PC 17599, Female 
515,Carlos, BARRANQUILLA, 4500 ,01/02/2023,W.E.P. 5736,male
516,María, BOGOTA,1000,2023/03/05,PC 17599,female
517,MARÍA ,,"5.000,00",2023-01-01,S.O.C. 14879,male
518,juan ,bogota,"2.500,75",01/02/2023,A/5 21171,FEMALE
519,MARÍA ,bogota,N/A,01/02/2023,S.O.C. 14879,female
520,Carlos,Barranquilla , 4500 ,2023/03/05,W.E.P. 5736, Male 
521,MARÍA ,Cartagena ,,2023-01-01,S.O.C. 14879,FEMALE
522, Juana, MEDELLIN,"5.000,00",01/02/2023,S.O.C. 14879,female
523,juan , CARTAGENA, 4500 ,10-04-2023 08:30:00,S.O.C. 14879, Female 
524, Juana, BOGOTA,3000.50,10-04-2023 08:30:00,W.E.P. 5736, Female 
525,Carlos,Bogotá ,1000,10-04-2023 08:30:00,S.O.C. 14879, Female 
526, Juana,bquilla,"5.000,00",2023-01-01,PC 17599, Female 
527,María,medellín antioquia,3000.50,01/02/2023,W.E.P. 5736, Male 
528,Carlos,Cartagena ,"2.500,75",10-04-2023 08:30:00,S.O.C. 14879,male
529,Carlos,Bogotá ,N/A,2023-01-01,W.E.P. 5736,female
530,Carlos,Cartagena , 4500 ,10-04-2023 08:30:00,STON/O2. 3101282, Male 
531,Ana,Cartagena ,1000,2023/03/05,PC 17599, Female 
532,MARÍA ,, 4500 ,01/02/2023,S.O.C. 14879,male
533,Ana,Barranquilla ,"2.500,75",01/02/2023,STON/O2. 3101282,FEMALE
534,Ana, BARRANQUILLA, 4500 ,2023-01-01,STON/O2. 3101282,FEMALE
535,María, MEDELLIN,1000,2023-01-01,W.E.P. 5736,FEMALE
536,juan , CARTAGENA,"2.500,75",01/02/2023,STON/O2. 3101282, Female 
537,MARÍA , BARRANQUILLA, 4500 ,10-04-2023 08:30:00,PC 17599,FEMALE
538, Juana,Cartagena ,N/A,10-04-2023 08:30:00,PC 17599,MALE
539,JUAN,cartagena de indias,"5.000,00",2023/03/05,A/5 21171,female
540,Carlos,medellin,,10-04-2023 08:30:00,PC 17599,female
541, Juana,Bogotá ,"5.000,00",2023-01-01,STON/O2. 3101282, Female 
542,Carlos,cartagena,"2.500,75",2023-01-01,PC 17599,MALE
543,María,bogotá d.c.,N/A,10-04-2023 08:30:00,W.E.P. 5736, Male 
544,Carlos, BARRANQUILLA,"5.000,00",2023-01-01,A/5 21171, Male 
545,Ana,medellín antioquia,3000.50,01/02/2023,STON/O2. 3101282,FEMALE
546,MARÍA ,Barranquilla ,1000,01/02/2023,A/5 21171,male
547,JUAN, BOGOTA,3000.50,10-04-2023 08:30:00,STON/O2. 3101282, Male 
548,Pedro,Medellín , 4500 ,01/02/2023,W.E.P. 5736,male
549,Carlos, CARTAGENA,N/A,01/02/2023,A/5 21171,female
550, Juana,cartagena,3000.50,2023/03/05,S.O.C. 14879,male
551,Ana,bogota,"2.500,75",2023/03/05,STON/O2. 3101282,female
552,Pedro,barranquilla, 4500 ,01/02/2023,S.O.C. 14879,MALE
553,JUAN,cartagena de indias, 4500 ,10-04-2023 08:30:00,A/5 21171,MALE
554,Pedro,Medellín ,3000.50,2023/03/05,S.O.C. 14879, Female 
555,Ana,bogotá d.c.,3000.50,2023-01-01,S.O.C. 14879, Female 
556,MARÍA ,cartagena,N/A,2023-01-01,A/5 21171,FEMALE
557,MARÍA ,Medellín ,1000,2023-01-01,W.E.P. 5736, Male 
558,juan ,cartagena,3000.50,10-04-2023 08:30:00,S.O.C. 14879,FEMALE
559,MARÍA ,medellín antioquia,3000.50,01/02/2023,S.O.C. 14879,female
560,juan ,cartagena de indias,"5.000,00",2023-01-01,W.E.P. 5736,FEMALE
561,Pedro,bogotá d.c.,"2.500,75",10-04-2023 08:30:00,S.O.C. 14879,male
562,María,bogota,"5.000,00",2023/03/05,S.O.C. 14879,female
563, Juana,Cartagena ,"5.000,00",01/02/2023,S.O.C. 14879, Female 
564, Juana,Bogotá , 4500 ,2023/03/05,PC 17599,MALE
565,Pedro,bogota,1000,10-04-2023 08:30:00,W.E.P. 5736, Female 
566,Carlos,Cartagena ,"2.500,75",2023-01-01,S.O.C. 14879, Male 
567,Carlos,barranquilla,,2023-01-01,W.E.P. 5736,female
568,MARÍA ,Barranquilla ,N/A,10-04-2023 08:30:00,STON/O2. 3101282,female
569, Juana, MEDELLIN,3000.50,2023-01-01,STON/O2. 3101282,male
570, Juana, MEDELLIN,3000.50,01/02/2023,S.O.C. 14879, Male 
571,juan ,bquilla,N/A,10-04-2023 08:30:00,W.E.P. 5736,MALE
572,María, MEDELLIN,3000.50,2023/03/05,W.E.P. 5736,female
573,Ana, CARTAGENA,1000,10-04-2023 08:30:00,W.E.P. 5736,female
574,Carlos, BARRANQUILLA,"5.000,00",01/02/2023,PC 17599,male
575, Juana,medellin,3000.50,01/02/2023,STON/O2. 3101282,FEMALE
576,juan , BOGOTA, 4500 ,10-04-2023 08:30:00,W.E.P. 5736,MALE
577,JUAN, BOGOTA,3000.50,10-04-2023 08:30:00,W.E.P. 5736, Female 
578,juan ,bquilla,"2.500,75",2023-01-01,PC 17599, Male 
579,Carlos, BARRANQUILLA,1000,01/02/2023,PC 17599,female
580,Carlos, MEDELLIN,"2.500,75",10-04-2023 08:30:00,W.E.P. 5736,female
581,juan ,Bogotá ,"2.500,75",10-04-2023 08:30:00,A/5 21171, Female 
582,Ana,bquilla,,01/02/2023,W.E.P. 5736,MALE
583,Pedro,bogotá d.c.,1000,10-04-2023 08:30:00,W.E.P. 5736,FEMALE
584,Carlos,cartagena de indias,1000,2023-01-01,PC 17599,female
585,juan ,bogotá d.c.,1000,01/02/2023,PC 17599,MALE
586, Juana,cartagena de indias,1000,2023-01-01,W.E.P. 5736, Female 
587,juan ,bogotá d.c.,1000,2023-01-01,W.E.P. 5736,male
588,María,medellin, 4500 ,2023-01-01,W.E.P. 5736,FEMALE
589,Pedro, CARTAGENA,3000.50,2023-01-01,PC 17599, Male 
590,JUAN,bquilla,"2.500,75",01/02/2023,W.E.P. 5736,female
591,Ana, CARTAGENA,1000,2023-01-01,W.E.P. 5736,MALE
592,MARÍA , MEDELLIN,3000.50,2023-01-01,S.O.C. 14879,male
593,JUAN,barranquilla,3000.50,10-04-2023 08:30:00,A/5 21171, Male 
594,Pedro,bquilla,"2.500,75",01/02/2023,STON/O2. 3101282,MALE
595,Pedro,Cartagena , 4500 ,01/02/2023,A/5 21171,MALE
596,Pedro,barranquilla,N/A,2023/03/05,S.O.C. 14879, Male 
597,JUAN,Medellín ,N/A,01/02/2023,STON/O2. 3101282,male
598, Juana, CARTAGENA,3000.50,01/02/2023,W.E.P. 5736, Female 
599,Pedro, CARTAGENA,,2023/03/05,S.O.C. 14879,male
600,juan ,bogota,"5.000,00",01/02/2023,W.E.P. 5736,FEMALE
447,María, MEDELLIN,1000,01/02/2023,S.O.C. 14879,female
405,MARÍA ,cartagena,"5.000,00",01/02/2023,PC 17599,male
510,Carlos,,N/A,10-04-2023 08:30:00,A/5 21171, Male 
456,María,bogota,"2.500,75",01/02/2023,A/5 21171,female
202,MARÍA ,Barranquilla , 4500 ,01/02/2023,A/5 21171,female
24,MARÍA ,Medellín ,1000,2023-01-01,PC 17599,MALE
416,Ana,Bogotá ,"2.500,75",10-04-2023 08:30:00,STON/O2. 3101282,male
549,Carlos, CARTAGENA,N/A,01/02/2023,A/5 21171,female
67,Pedro,Barranquilla ,N/A,01/02/2023,S.O.C. 14879, Male 
166,Ana, MEDELLIN,"2.500,75",2023/03/05,A/5 21171, Female 
335,juan ,bogotá d.c.,1000,2023/03/05,A/5 21171, Male 
330,MARÍA ,medellin,,2023-01-01,W.E.P. 5736, Female 
1, Juana,barranquilla, 4500 ,01/02/2023,PC 17599,MALE
532,MARÍA ,, 4500 ,01/02/2023,S.O.C. 14879,male
233,Pedro, CARTAGENA,3000.50,10-04-2023 08:30:00,STON/O2. 3101282,female
201, Juana,medellin,3000.50,2023-01-01,PC 17599, Female 
148,María, BOGOTA,"5.000,00",2023-01-01,S.O.C. 14879,FEMALE
474,Pedro, CARTAGENA,3000.50,01/02/2023,STON/O2. 3101282, Female 
452,juan ,medellin,N/A,2023/03/05,S.O.C. 14879,male
497,María,Cartagena ,"5.000,00",2023-01-01,PC 17599,FEMALE
14,María,Medellín ,"5.000,00",2023-01-01,PC 17599,MALE
511,Ana,medellin,1000,10-04-2023 08:30:00,A/5 21171, Male 
269, Juana, BOGOTA,N/A,10-04-2023 08:30:00,W.E.P. 5736, Female 
359,Ana,Cartagena ,"5.000,00",2023-01-01,A/5 21171, Female 
290,MARÍA ,cartagena,N/A,2023-01-01,STON/O2. 3101282, Female 
484,juan ,cartagena de indias,1000,10-04-2023 08:30:00,STON/O2. 3101282, Male 
430,Pedro,bogota,3000.50,01/02/2023,A/5 21171, Female 
48, Juana,cartagena,3000.50,01/02/2023,W.E.P. 5736,male
224,Pedro, BARRANQUILLA,1000,2023-01-01,A/5 21171,MALE
186,JUAN,cartagena,1000,01/02/2023,S.O.C. 14879,MALE
